{
    "[80.5552478  68.71393707  1.635413  ]": 0,
    "[ 6.41131115 28.16062164  1.50233996]": 1,
    "[ 6.16160862 34.77428277  3.26031103]": 2,
    "[ -5.82206551 -23.08815765   0.86022435]": 3,
    "[63.76055865 67.31196942  4.17991528]": 4,
    "[4.63887609 0.66508455 1.81671584]": 5,
    "[0.5415998  1.73794339 1.83543351]": 6,
    "[entrance]":0,
    "[5.00278128 1.12497327 3.0859759 ]": 7,
    "[entrance]":1,
    "[35.0963607  -0.14048922  3.63305248]": 8,
    "[71.47495079 -6.46370924  2.40755874]": 9,
    "[78.6716453  -9.24326862  2.56427306]": 10,
    "[74.17174776 -8.62254362  2.48917012]": 11,
    "[0.30655108 1.665197   4.69141847]": 12,
    "[33.36722715 -2.16849399  0.60091066]": 13,
    "[1.03863781 5.40688701 1.83065244]": 14,
    "[11.10460892 60.46115058  2.98853426]": 15,
    "[68.85545251 67.32629532  4.40243308]": 16,
    "[0.86228924 5.25734557 4.0426727 ]": 17,
    "[ 7.142445   36.0278989   2.93738649]": 18,
    "[28.51163251 -2.00804907  2.86458734]": 19,
    "[58.86157356 -0.24211529  1.76806775]": 20,
    "[1.75390313 6.50862277 1.80600756]": 21,
    "[ 6.68332578 31.47140926  1.64790912]": 22,
    "[58.85841723 -0.30896082  2.46739116]": 23,
    "[1.65939853 6.39396103 3.37625193]": 24,
    "[ 3.3822466  16.35384684  2.94508456]": 25,
    "[1.59678955 5.29922799 7.08559908]": 26,
    "[8.22464706 1.47172377 1.78545236]": 27,
    "[11.98322994 61.22789519  2.68909952]": 28,
    "[10.09081179 51.12217967  2.72897067]": 29,
    "[106.50029983  20.95178097   1.59016422]": 30,
    "[8.95077031 1.71702787 3.59550498]": 31,
    "[73.7314891  -8.31001339  1.82101658]": 32,
    "[34.12527159  1.07808258  0.38994195]": 33,
    "[19.75291252 -1.67807355  2.93025873]": 34,
    "[105.37822723  56.79107666   2.01061201]": 35,
    "[ 2.52044308 11.04367782  1.76551553]": 36,
    "[ 2.43585064 11.05088304  2.74621224]": 37,
    "[ 3.41906028 16.06314544  1.74701419]": 38,
    "[14.24200057 66.47467239  1.51897853]": 39,
    "[106.6069415   35.96649182   1.31899305]": 40,
    "[0.73947601 1.0677835  7.03249168]": 41,
    "[76.66278556 69.58827241  4.72407478]": 42,
    "[14.86355712 69.26551284  1.53206443]": 43,
    "[15.145895    1.85426646  1.78915471]": 44,
    "[76.45430787 69.50559683  9.26909989]": 45,
    "[14.98515506  1.33087023  3.44544366]": 46,
    "[18.56478648  1.65267081  1.74817661]": 47,
    "[28.68987223  0.91106862  1.74910344]": 48,
    "[18.86271831  1.07784791  3.41142781]": 49,
    "[23.46427776 -1.77842416  2.90719181]": 50,
    "[29.16957474 -2.12457895  1.56599903]": 51,
    "[ 5.78264648 30.43942227  3.16996691]": 52,
    "[106.42987704  11.77118587   2.19557892]": 53,
    "[81.10556592 -1.95854501  1.77229857]": 54,
    "[43.53097299 -2.56125567  1.77713146]": 55,
    "[33.30035745 -2.211378    4.54880391]": 56,
    "[24.12270343  1.12413336  1.74025106]": 57,
    "[23.8724377   0.89896788  3.39523941]": 58,
    "[27.92010545  0.56508039  3.16902657]": 59,
    "[ 3.50360164e+01 -5.87458933e-03  7.89844829e+00]": 60,
    "[31.14728635 -3.01393027  7.88735485]": 61,
    "[12.92090383 65.91628785  2.59571963]": 62,
    "[82.05435671 68.85349655  2.18430653]": 63,
    "[34.13463477 -2.49522558  8.29050557]": 64,
    "[48.75043223 68.97421748  2.35779316]": 65,
    "[ 9.76090518 46.96402141  1.50711456]": 66,
    "[ 4.41900919 21.00819958  1.72071252]": 67,
    "[ 4.21413541 21.04288064  2.98714109]": 68,
    "[ 5.4148465  26.03950139  1.74062596]": 69,
    "[ 5.16750007 25.77810941  2.96440419]": 70,
    "[11.0803713  54.74344209  1.62507202]": 71,
    "[ 7.45957914 35.91119364  1.6781485 ]": 72,
    "[ 6.13679407 29.26653256  1.72584945]": 73,
    "[ 6.62679038 31.84703089  2.841764  ]": 74,
    "[ 9.08955622 42.71571922  1.54904685]": 75,
    "[ 8.0326584  41.72523499  3.00250361]": 76,
    "[106.56449407  45.97581871   1.23470886]": 77,
    "[ 8.83456623 46.0280369   2.86811364]": 78,
    "[38.83794277 67.13716411  4.4213764 ]": 79,
    "[12.56584694 61.07042672  1.61371037]": 80,
    "[10.38277443 51.12651536  1.59013225]": 81,
    "[10.8207124  55.31915246  2.77017133]": 82,
    "[11.63571397 57.40525147  1.65324332]": 83,
    "[11.56732877 57.38913257  2.58007604]": 84,
    "[71.41445923 -6.40338087  1.83184749]": 85,
    "[78.89429959 -9.21761511  1.81428368]": 86,
    "[83.53558595 -8.58559313  1.81933032]": 87,
    "[83.55480387 -8.5632208   2.40820139]": 88,
    "[81.05508911 -1.82542852  2.24309531]": 89,
    "[42.94136887 -2.18884818  3.71497807]": 90,
    "[40.90443668 -1.92901095  4.87060356]": 91,
    "[39.01853308  0.97768227  0.38950317]": 92,
    "[office]":0,
    "[38.55036404  0.21500225  4.32558913]": 93,
    "[office]":1,
    "[40.190787   -1.54287668  0.38061366]": 94,
    "[44.22030441  0.65123695  1.62005288]": 95,
    "[94.20338943  0.870709    2.22744048]": 96,
    "[43.62715722  0.05459075  2.79787442]": 97,
    "[48.38076559 -0.07138052  1.75798732]": 98,
    "[48.46427572 -0.55481134  2.49367733]": 99,
    "[53.83475036  0.09267455  2.55346584]": 100,
    "[53.3149912   0.32863492  1.7141001 ]": 101,
    "[46.7462293  -1.66989519  2.79371413]": 102,
    "[39.00877321 -2.57972168  8.51572018]": 103,
    "[41.85534206 -2.56768094  7.54755996]": 104,
    "[3.83050490e+01 1.63459780e-02 8.15633614e+00]": 105,
    "[41.37219238 -1.36922705  8.50015831]": 106,
    "[64.37157885 -2.08737158  2.37932567]": 107,
    "[68.7172007  -4.61574543  1.79431522]": 108,
    "[69.07171584 -4.79447786  2.33192925]": 109,
    "[64.50205729 -2.00211081  1.77769844]": 110,
    "[62.39268173 -1.13369632  1.76799168]": 111,
    "[100.80694389  69.5705541    2.75884976]": 112,
    "[106.32471657  24.14287853   1.29522121]": 113,
    "[89.55733984  0.46854476  1.75619105]": 114,
    "[62.29132688 -1.15597192  2.43151407]": 115,
    "[71.091259   -6.69264007  1.67089051]": 116,
    "[58.97025057 69.41240634  2.21811141]": 117,
    "[71.22938919 -6.5240531   2.44216692]": 118,
    "[82.64475659 -4.46212932  1.78036304]": 119,
    "[82.6326503  -4.11380098  2.38312059]": 120,
    "[80.68193451 -0.44334011  1.69862092]": 121,
    "[80.9738805  -0.86763677  2.34191161]": 122,
    "[8.16235985e+01 1.60790761e-02 1.81979340e+00]": 123,
    "[18.79048796 69.5800024   2.44355252]": 124,
    "[83.69472817  0.3818978   2.46062988]": 125,
    "[88.42921693  0.59057645  2.36943767]": 126,
    "[93.41568146  0.65723648  1.77820534]": 127,
    "[98.43310634  1.02411649  1.85071489]": 128,
    "[98.42558441  1.08198481  2.11151505]": 129,
    "[103.31851281   2.46094267   1.61119856]": 130,
    "[104.04054896   2.23438515   2.13080919]": 131,
    "[53.85551786 67.25159809  4.26268392]": 132,
    "[105.55477279   6.44026509   1.69598848]": 133,
    "[105.49632085   6.2659344    2.1916383 ]": 134,
    "[106.22248966  10.90625375   1.67112426]": 135,
    "[106.23938584  10.03558819   2.18373001]": 136,
    "[106.4519509   12.03968141   1.77035922]": 137,
    "[106.4439496   16.24805093   1.67311026]": 138,
    "[106.28754855  15.76297539   1.64891392]": 139,
    "[106.44297141  15.0559236    2.09739831]": 140,
    "[106.32467651  14.88175106   1.99848998]": 141,
    "[103.30112205  67.63714948   1.18448265]": 142,
    "[33.94758672 66.52305596  1.53021764]": 143,
    "[38.50811484 66.57882668  1.34305602]": 144,
    "[43.99969342 66.52909377  1.23440763]": 145,
    "[49.05581881 66.6329079   1.32804163]": 146,
    "[38.85660061 67.19517345  9.99187125]": 147,
    "[53.23478927 66.65246934  1.19798271]": 148,
    "[59.24729608 66.77373177  1.33018097]": 149,
    "[fence]":0,
    "[58.58230178 67.19452442  4.33710618]": 150,
    "[fence]":1,
    "[63.26671727 66.5949213   1.14093052]": 151,
    "[105.93422546  51.1012146    1.204289  ]": 152,
    "[68.65425652 66.50853268  1.19329852]": 153,
    "[73.60434495 66.69824112  1.1641378 ]": 154,
    "[105.61386151  59.76654927   1.01084753]": 155,
    "[74.2293283  67.43582436  4.30132675]": 156,
    "[106.28865081  19.56887553   1.45055727]": 157,