{
	"class_name" : "PinholeCameraParameters",
	"extrinsic" : 
	[
		0.95266411082113278,
		-0.01501586235954297,
		0.30365377625015594,
		0.0,
		-0.2791806013080142,
		-0.43865046577583994,
		0.85419199289617231,
		0.0,
		0.12037144099277094,
		-0.89853229922593103,
		-0.42207869342231191,
		0.0,
		-16.664308851947169,
		13.364263540039063,
		34.526811882113869,
		1.0
	],
	"intrinsic" : 
	{
		"height" : 1017,
		"intrinsic_matrix" : 
		[
			880.74783564877418,
			0.0,
			0.0,
			0.0,
			880.74783564877418,
			0.0,
			959.5,
			508.0,
			1.0
		],
		"width" : 1920
	},
	"version_major" : 1,
	"version_minor" : 0
}