{
	"class_name" : "PinholeCameraParameters",
	"extrinsic" : 
	[
		0.82812822293524746,
		0.034368280318723965,
		-0.55948410851966368,
		0.0,
		0.50469277796203404,
		-0.48002079770162503,
		0.71754110240937474,
		0.0,
		-0.24390335432517987,
		-0.87658362697567505,
		-0.41486419304044136,
		0.0,
		-59.590270505836315,
		16.454994834909478,
		136.85917039448273,
		1.0
	],
	"intrinsic" : 
	{
		"height" : 1080,
		"intrinsic_matrix" : 
		[
			935.30743608719376,
			0.0,
			0.0,
			0.0,
			935.30743608719376,
			0.0,
			959.5,
			539.5,
			1.0
		],
		"width" : 1920
	},
	"version_major" : 1,
	"version_minor" : 0
}