{
	"class_name" : "PinholeCameraParameters",
	"extrinsic" : 
	[
		0.88736610396102478,
		-0.12104429987133011,
		0.44489288037649183,
		0.0,
		-0.40043300539131504,
		-0.68063684559892801,
		0.61350378369364622,
		0.0,
		0.22854935076326724,
		-0.72255225546793544,
		-0.65244419867440662,
		0.0,
		-32.009767045147939,
		29.892036336599777,
		82.994436753234012,
		1.0
	],
	"intrinsic" : 
	{
		"height" : 1061,
		"intrinsic_matrix" : 
		[
			918.85295341528945,
			0.0,
			0.0,
			0.0,
			918.85295341528945,
			0.0,
			959.5,
			530.0,
			1.0
		],
		"width" : 1920
	},
	"version_major" : 1,
	"version_minor" : 0
}